season,round,race_name,race_date,driver_id,driver_name,constructor_id,constructor_name,grid,qualifying_position,finish_position,points,status
2026,1,Australian Grand Prix,2026-03-08,russell,George Russell,mercedes,Mercedes,1,1,1,25.0,Finished
2026,1,Australian Grand Prix,2026-03-08,antonelli,Andrea Kimi Antonelli,mercedes,Mercedes,2,2,2,18.0,Finished
2026,1,Australian Grand Prix,2026-03-08,leclerc,Charles Leclerc,ferrari,Ferrari,4,4,3,15.0,Finished
2026,1,Australian Grand Prix,2026-03-08,hamilton,Lewis Hamilton,ferrari,Ferrari,7,7,4,12.0,Finished
2026,1,Australian Grand Prix,2026-03-08,norris,Lando Norris,mclaren,McLaren,6,6,5,10.0,Finished
2026,1,Australian Grand Prix,2026-03-08,max_verstappen,Max Verstappen,red_bull,Red Bull,20,,6,8.0,Finished
2026,1,Australian Grand Prix,2026-03-08,bearman,Oliver Bearman,haas,Haas F1 Team,12,12,7,6.0,Lapped
2026,1,Australian Grand Prix,2026-03-08,arvid_lindblad,Arvid Lindblad,rb,RB F1 Team,9,9,8,4.0,Lapped
2026,1,Australian Grand Prix,2026-03-08,bortoleto,Gabriel Bortoleto,audi,Audi,10,10,9,2.0,Lapped
2026,1,Australian Grand Prix,2026-03-08,gasly,Pierre Gasly,alpine,Alpine F1 Team,14,14,10,1.0,Lapped
2026,1,Australian Grand Prix,2026-03-08,ocon,Esteban Ocon,haas,Haas F1 Team,13,13,11,0.0,Lapped
2026,1,Australian Grand Prix,2026-03-08,albon,Alexander Albon,williams,Williams,15,15,12,0.0,Lapped
2026,1,Australian Grand Prix,2026-03-08,lawson,Liam Lawson,rb,RB F1 Team,8,8,13,0.0,Lapped
2026,1,Australian Grand Prix,2026-03-08,colapinto,Franco Colapinto,alpine,Alpine F1 Team,16,16,14,0.0,Lapped
2026,1,Australian Grand Prix,2026-03-08,sainz,Carlos Sainz,williams,Williams,21,,15,0.0,Lapped
2026,1,Australian Grand Prix,2026-03-08,perez,Sergio Pérez,cadillac,Cadillac F1 Team,18,18,16,0.0,Lapped
2026,1,Australian Grand Prix,2026-03-08,stroll,Lance Stroll,aston_martin,Aston Martin,22,,17,0.0,Lapped
2026,1,Australian Grand Prix,2026-03-08,alonso,Fernando Alonso,aston_martin,Aston Martin,17,17,18,0.0,Retired
2026,1,Australian Grand Prix,2026-03-08,bottas,Valtteri Bottas,cadillac,Cadillac F1 Team,19,19,19,0.0,Retired
2026,1,Australian Grand Prix,2026-03-08,hadjar,Isack Hadjar,red_bull,Red Bull,3,3,20,0.0,Retired
2026,1,Australian Grand Prix,2026-03-08,piastri,Oscar Piastri,mclaren,McLaren,5,5,21,0.0,Did not start
2026,1,Australian Grand Prix,2026-03-08,hulkenberg,Nico Hülkenberg,audi,Audi,11,11,22,0.0,Did not start
2026,2,Chinese Grand Prix,2026-03-15,antonelli,Andrea Kimi Antonelli,mercedes,Mercedes,1,1,1,25.0,Finished
2026,2,Chinese Grand Prix,2026-03-15,russell,George Russell,mercedes,Mercedes,2,2,2,18.0,Finished
2026,2,Chinese Grand Prix,2026-03-15,hamilton,Lewis Hamilton,ferrari,Ferrari,3,3,3,15.0,Finished
2026,2,Chinese Grand Prix,2026-03-15,leclerc,Charles Leclerc,ferrari,Ferrari,4,4,4,12.0,Finished
2026,2,Chinese Grand Prix,2026-03-15,bearman,Oliver Bearman,haas,Haas F1 Team,10,10,5,10.0,Finished
2026,2,Chinese Grand Prix,2026-03-15,gasly,Pierre Gasly,alpine,Alpine F1 Team,7,7,6,8.0,Finished
2026,2,Chinese Grand Prix,2026-03-15,lawson,Liam Lawson,rb,RB F1 Team,14,14,7,6.0,Finished
2026,2,Chinese Grand Prix,2026-03-15,hadjar,Isack Hadjar,red_bull,Red Bull,9,9,8,4.0,Finished
2026,2,Chinese Grand Prix,2026-03-15,sainz,Carlos Sainz,williams,Williams,17,17,9,2.0,Lapped
2026,2,Chinese Grand Prix,2026-03-15,colapinto,Franco Colapinto,alpine,Alpine F1 Team,12,12,10,1.0,Lapped
2026,2,Chinese Grand Prix,2026-03-15,hulkenberg,Nico Hülkenberg,audi,Audi,11,11,11,0.0,Lapped
2026,2,Chinese Grand Prix,2026-03-15,arvid_lindblad,Arvid Lindblad,rb,RB F1 Team,15,15,12,0.0,Lapped
2026,2,Chinese Grand Prix,2026-03-15,bottas,Valtteri Bottas,cadillac,Cadillac F1 Team,19,20,13,0.0,Lapped
2026,2,Chinese Grand Prix,2026-03-15,ocon,Esteban Ocon,haas,Haas F1 Team,13,13,14,0.0,Lapped
2026,2,Chinese Grand Prix,2026-03-15,perez,Sergio Pérez,cadillac,Cadillac F1 Team,21,22,15,0.0,Lapped
2026,2,Chinese Grand Prix,2026-03-15,max_verstappen,Max Verstappen,red_bull,Red Bull,8,8,16,0.0,Retired
2026,2,Chinese Grand Prix,2026-03-15,alonso,Fernando Alonso,aston_martin,Aston Martin,18,19,17,0.0,Retired
2026,2,Chinese Grand Prix,2026-03-15,stroll,Lance Stroll,aston_martin,Aston Martin,20,21,18,0.0,Retired
2026,2,Chinese Grand Prix,2026-03-15,piastri,Oscar Piastri,mclaren,McLaren,5,5,19,0.0,Did not start
2026,2,Chinese Grand Prix,2026-03-15,norris,Lando Norris,mclaren,McLaren,6,6,20,0.0,Did not start
2026,2,Chinese Grand Prix,2026-03-15,bortoleto,Gabriel Bortoleto,audi,Audi,16,16,21,0.0,Did not start
2026,2,Chinese Grand Prix,2026-03-15,albon,Alexander Albon,williams,Williams,22,18,22,0.0,Did not start
2026,3,Japanese Grand Prix,2026-03-29,antonelli,Andrea Kimi Antonelli,mercedes,Mercedes,1,1,1,25.0,Finished
2026,3,Japanese Grand Prix,2026-03-29,piastri,Oscar Piastri,mclaren,McLaren,3,3,2,18.0,Finished
2026,3,Japanese Grand Prix,2026-03-29,leclerc,Charles Leclerc,ferrari,Ferrari,4,4,3,15.0,Finished
2026,3,Japanese Grand Prix,2026-03-29,russell,George Russell,mercedes,Mercedes,2,2,4,12.0,Finished
2026,3,Japanese Grand Prix,2026-03-29,norris,Lando Norris,mclaren,McLaren,5,5,5,10.0,Finished
2026,3,Japanese Grand Prix,2026-03-29,hamilton,Lewis Hamilton,ferrari,Ferrari,6,6,6,8.0,Finished
2026,3,Japanese Grand Prix,2026-03-29,gasly,Pierre Gasly,alpine,Alpine F1 Team,7,7,7,6.0,Finished
2026,3,Japanese Grand Prix,2026-03-29,max_verstappen,Max Verstappen,red_bull,Red Bull,11,11,8,4.0,Finished
2026,3,Japanese Grand Prix,2026-03-29,lawson,Liam Lawson,rb,RB F1 Team,14,14,9,2.0,Finished
2026,3,Japanese Grand Prix,2026-03-29,ocon,Esteban Ocon,haas,Haas F1 Team,12,12,10,1.0,Finished
2026,3,Japanese Grand Prix,2026-03-29,hulkenberg,Nico Hülkenberg,audi,Audi,13,13,11,0.0,Finished
2026,3,Japanese Grand Prix,2026-03-29,hadjar,Isack Hadjar,red_bull,Red Bull,8,8,12,0.0,Finished
2026,3,Japanese Grand Prix,2026-03-29,bortoleto,Gabriel Bortoleto,audi,Audi,9,9,13,0.0,Finished
2026,3,Japanese Grand Prix,2026-03-29,arvid_lindblad,Arvid Lindblad,rb,RB F1 Team,10,10,14,0.0,Finished
2026,3,Japanese Grand Prix,2026-03-29,sainz,Carlos Sainz,williams,Williams,16,16,15,0.0,Finished
2026,3,Japanese Grand Prix,2026-03-29,colapinto,Franco Colapinto,alpine,Alpine F1 Team,15,15,16,0.0,Finished
2026,3,Japanese Grand Prix,2026-03-29,perez,Sergio Pérez,cadillac,Cadillac F1 Team,19,19,17,0.0,Finished
2026,3,Japanese Grand Prix,2026-03-29,alonso,Fernando Alonso,aston_martin,Aston Martin,21,21,18,0.0,Lapped
2026,3,Japanese Grand Prix,2026-03-29,bottas,Valtteri Bottas,cadillac,Cadillac F1 Team,20,20,19,0.0,Lapped
2026,3,Japanese Grand Prix,2026-03-29,albon,Alexander Albon,williams,Williams,17,17,20,0.0,Lapped
2026,3,Japanese Grand Prix,2026-03-29,stroll,Lance Stroll,aston_martin,Aston Martin,22,22,21,0.0,Retired
2026,3,Japanese Grand Prix,2026-03-29,bearman,Oliver Bearman,haas,Haas F1 Team,18,18,22,0.0,Retired
2026,4,Miami Grand Prix,2026-05-03,antonelli,Andrea Kimi Antonelli,mercedes,Mercedes,1,1,1,25.0,Finished
2026,4,Miami Grand Prix,2026-05-03,norris,Lando Norris,mclaren,McLaren,4,4,2,18.0,Finished
2026,4,Miami Grand Prix,2026-05-03,piastri,Oscar Piastri,mclaren,McLaren,7,7,3,15.0,Finished
2026,4,Miami Grand Prix,2026-05-03,russell,George Russell,mercedes,Mercedes,5,5,4,12.0,Finished
2026,4,Miami Grand Prix,2026-05-03,max_verstappen,Max Verstappen,red_bull,Red Bull,2,2,5,10.0,Finished
2026,4,Miami Grand Prix,2026-05-03,hamilton,Lewis Hamilton,ferrari,Ferrari,6,6,6,8.0,Finished
2026,4,Miami Grand Prix,2026-05-03,colapinto,Franco Colapinto,alpine,Alpine F1 Team,8,8,7,6.0,Finished
2026,4,Miami Grand Prix,2026-05-03,leclerc,Charles Leclerc,ferrari,Ferrari,3,3,8,4.0,Finished
2026,4,Miami Grand Prix,2026-05-03,sainz,Carlos Sainz,williams,Williams,13,13,9,2.0,Finished
2026,4,Miami Grand Prix,2026-05-03,albon,Alexander Albon,williams,Williams,15,15,10,1.0,Finished
2026,4,Miami Grand Prix,2026-05-03,bearman,Oliver Bearman,haas,Haas F1 Team,12,12,11,0.0,Lapped
2026,4,Miami Grand Prix,2026-05-03,bortoleto,Gabriel Bortoleto,audi,Audi,21,21,12,0.0,Lapped
2026,4,Miami Grand Prix,2026-05-03,ocon,Esteban Ocon,haas,Haas F1 Team,14,14,13,0.0,Lapped
2026,4,Miami Grand Prix,2026-05-03,arvid_lindblad,Arvid Lindblad,rb,RB F1 Team,16,16,14,0.0,Lapped
2026,4,Miami Grand Prix,2026-05-03,alonso,Fernando Alonso,aston_martin,Aston Martin,17,17,15,0.0,Lapped
2026,4,Miami Grand Prix,2026-05-03,perez,Sergio Pérez,cadillac,Cadillac F1 Team,20,20,16,0.0,Lapped
2026,4,Miami Grand Prix,2026-05-03,stroll,Lance Stroll,aston_martin,Aston Martin,18,18,17,0.0,Lapped
2026,4,Miami Grand Prix,2026-05-03,bottas,Valtteri Bottas,cadillac,Cadillac F1 Team,19,19,18,0.0,Lapped
2026,4,Miami Grand Prix,2026-05-03,hulkenberg,Nico Hülkenberg,audi,Audi,10,10,19,0.0,Retired
2026,4,Miami Grand Prix,2026-05-03,lawson,Liam Lawson,rb,RB F1 Team,11,11,20,0.0,Retired
2026,4,Miami Grand Prix,2026-05-03,gasly,Pierre Gasly,alpine,Alpine F1 Team,9,9,21,0.0,Retired
2026,4,Miami Grand Prix,2026-05-03,hadjar,Isack Hadjar,red_bull,Red Bull,22,22,22,0.0,Retired
