season,round,race_name,race_date,driver_id,driver_name,constructor_id,constructor_name,grid,qualifying_position,podium_probability,predicted_is_podium,actual_is_podium,actual_finish_position,points
2025,1,Australian Grand Prix,2025-03-16,norris,Lando Norris,mclaren,McLaren,1,1,0.640820,1,1,1,25.0
2025,1,Australian Grand Prix,2025-03-16,max_verstappen,Max Verstappen,red_bull,Red Bull,3,3,0.627223,1,1,2,18.0
2025,1,Australian Grand Prix,2025-03-16,piastri,Oscar Piastri,mclaren,McLaren,2,2,0.603271,1,0,9,2.0
2025,1,Australian Grand Prix,2025-03-16,russell,George Russell,mercedes,Mercedes,4,4,0.568078,1,1,3,15.0
2025,1,Australian Grand Prix,2025-03-16,leclerc,Charles Leclerc,ferrari,Ferrari,7,7,0.198754,0,0,8,4.0
2025,1,Australian Grand Prix,2025-03-16,hamilton,Lewis Hamilton,ferrari,Ferrari,8,8,0.099835,0,0,10,1.0
2025,1,Australian Grand Prix,2025-03-16,tsunoda,Yuki Tsunoda,rb,RB F1 Team,5,5,0.079139,0,0,12,0.0
2025,1,Australian Grand Prix,2025-03-16,sainz,Carlos Sainz,williams,Williams,10,10,0.039060,0,0,18,0.0
2025,1,Australian Grand Prix,2025-03-16,antonelli,Andrea Kimi Antonelli,mercedes,Mercedes,16,16,0.038034,0,0,4,12.0
2025,1,Australian Grand Prix,2025-03-16,lawson,Liam Lawson,red_bull,Red Bull,18,18,0.029212,0,0,15,0.0
2025,1,Australian Grand Prix,2025-03-16,albon,Alexander Albon,williams,Williams,6,6,0.020451,0,0,5,10.0
2025,1,Australian Grand Prix,2025-03-16,ocon,Esteban Ocon,haas,Haas F1 Team,19,19,0.016527,0,0,13,0.0
2025,1,Australian Grand Prix,2025-03-16,gasly,Pierre Gasly,alpine,Alpine F1 Team,9,9,0.015392,0,0,11,0.0
2025,1,Australian Grand Prix,2025-03-16,alonso,Fernando Alonso,aston_martin,Aston Martin,12,12,0.015322,0,0,17,0.0
2025,1,Australian Grand Prix,2025-03-16,hadjar,Isack Hadjar,rb,RB F1 Team,11,11,0.013765,0,0,20,0.0
2025,1,Australian Grand Prix,2025-03-16,doohan,Jack Doohan,alpine,Alpine F1 Team,14,14,0.013360,0,0,19,0.0
2025,1,Australian Grand Prix,2025-03-16,stroll,Lance Stroll,aston_martin,Aston Martin,13,13,0.013321,0,0,6,8.0
2025,1,Australian Grand Prix,2025-03-16,bearman,Oliver Bearman,haas,Haas F1 Team,20,20,0.013216,0,0,14,0.0
2025,1,Australian Grand Prix,2025-03-16,bortoleto,Gabriel Bortoleto,sauber,Sauber,15,15,0.013164,0,0,16,0.0
2025,1,Australian Grand Prix,2025-03-16,hulkenberg,Nico Hülkenberg,sauber,Sauber,17,17,0.012913,0,0,7,6.0
2025,2,Chinese Grand Prix,2025-03-23,norris,Lando Norris,mclaren,McLaren,3,3,0.685769,1,1,2,18.0
2025,2,Chinese Grand Prix,2025-03-23,max_verstappen,Max Verstappen,red_bull,Red Bull,4,4,0.646832,1,0,4,12.0
2025,2,Chinese Grand Prix,2025-03-23,russell,George Russell,mercedes,Mercedes,2,2,0.575303,1,1,3,15.0
2025,2,Chinese Grand Prix,2025-03-23,piastri,Oscar Piastri,mclaren,McLaren,1,1,0.398708,1,1,1,25.0
2025,2,Chinese Grand Prix,2025-03-23,leclerc,Charles Leclerc,ferrari,Ferrari,6,6,0.089434,0,0,18,0.0
2025,2,Chinese Grand Prix,2025-03-23,hamilton,Lewis Hamilton,ferrari,Ferrari,5,5,0.087509,0,0,19,0.0
2025,2,Chinese Grand Prix,2025-03-23,antonelli,Andrea Kimi Antonelli,mercedes,Mercedes,8,8,0.071185,0,0,6,8.0
2025,2,Chinese Grand Prix,2025-03-23,lawson,Liam Lawson,red_bull,Red Bull,20,20,0.026120,0,0,12,0.0
2025,2,Chinese Grand Prix,2025-03-23,sainz,Carlos Sainz,williams,Williams,15,15,0.018201,0,0,10,1.0
2025,2,Chinese Grand Prix,2025-03-23,albon,Alexander Albon,williams,Williams,10,10,0.014342,0,0,7,6.0
2025,2,Chinese Grand Prix,2025-03-23,gasly,Pierre Gasly,alpine,Alpine F1 Team,16,16,0.013628,0,0,20,0.0
2025,2,Chinese Grand Prix,2025-03-23,stroll,Lance Stroll,aston_martin,Aston Martin,14,14,0.012834,0,0,9,2.0
2025,2,Chinese Grand Prix,2025-03-23,hulkenberg,Nico Hülkenberg,sauber,Sauber,12,12,0.012599,0,0,15,0.0
2025,2,Chinese Grand Prix,2025-03-23,alonso,Fernando Alonso,aston_martin,Aston Martin,13,13,0.012028,0,0,17,0.0
2025,2,Chinese Grand Prix,2025-03-23,doohan,Jack Doohan,alpine,Alpine F1 Team,18,18,0.012016,0,0,13,0.0
2025,2,Chinese Grand Prix,2025-03-23,ocon,Esteban Ocon,haas,Haas F1 Team,11,11,0.011905,0,0,5,10.0
2025,2,Chinese Grand Prix,2025-03-23,hadjar,Isack Hadjar,rb,RB F1 Team,7,7,0.011530,0,0,11,0.0
2025,2,Chinese Grand Prix,2025-03-23,bortoleto,Gabriel Bortoleto,sauber,Sauber,19,19,0.010781,0,0,14,0.0
2025,2,Chinese Grand Prix,2025-03-23,tsunoda,Yuki Tsunoda,rb,RB F1 Team,9,9,0.010748,0,0,16,0.0
2025,2,Chinese Grand Prix,2025-03-23,bearman,Oliver Bearman,haas,Haas F1 Team,17,17,0.010249,0,0,8,4.0
2025,3,Japanese Grand Prix,2025-04-06,norris,Lando Norris,mclaren,McLaren,2,2,0.756468,1,1,2,18.0
2025,3,Japanese Grand Prix,2025-04-06,piastri,Oscar Piastri,mclaren,McLaren,3,3,0.635389,1,1,3,15.0
2025,3,Japanese Grand Prix,2025-04-06,max_verstappen,Max Verstappen,red_bull,Red Bull,1,1,0.612132,1,1,1,25.0
2025,3,Japanese Grand Prix,2025-04-06,russell,George Russell,mercedes,Mercedes,5,5,0.448413,1,0,5,10.0
2025,3,Japanese Grand Prix,2025-04-06,leclerc,Charles Leclerc,ferrari,Ferrari,4,4,0.180658,0,0,4,12.0
2025,3,Japanese Grand Prix,2025-04-06,antonelli,Andrea Kimi Antonelli,mercedes,Mercedes,6,6,0.173832,0,0,6,8.0
2025,3,Japanese Grand Prix,2025-04-06,hamilton,Lewis Hamilton,ferrari,Ferrari,8,8,0.019840,0,0,7,6.0
2025,3,Japanese Grand Prix,2025-04-06,tsunoda,Yuki Tsunoda,red_bull,Red Bull,14,15,0.017806,0,0,12,0.0
2025,3,Japanese Grand Prix,2025-04-06,sainz,Carlos Sainz,williams,Williams,15,12,0.013951,0,0,14,0.0
2025,3,Japanese Grand Prix,2025-04-06,albon,Alexander Albon,williams,Williams,9,9,0.013234,0,0,9,2.0
2025,3,Japanese Grand Prix,2025-04-06,gasly,Pierre Gasly,alpine,Alpine F1 Team,11,11,0.013148,0,0,13,0.0
2025,3,Japanese Grand Prix,2025-04-06,stroll,Lance Stroll,aston_martin,Aston Martin,20,20,0.012550,0,0,20,0.0
2025,3,Japanese Grand Prix,2025-04-06,ocon,Esteban Ocon,haas,Haas F1 Team,18,18,0.012016,0,0,18,0.0
2025,3,Japanese Grand Prix,2025-04-06,bearman,Oliver Bearman,haas,Haas F1 Team,10,10,0.011384,0,0,10,1.0
2025,3,Japanese Grand Prix,2025-04-06,hadjar,Isack Hadjar,rb,RB F1 Team,7,7,0.011039,0,0,8,4.0
2025,3,Japanese Grand Prix,2025-04-06,hulkenberg,Nico Hülkenberg,sauber,Sauber,16,16,0.011031,0,0,16,0.0
2025,3,Japanese Grand Prix,2025-04-06,doohan,Jack Doohan,alpine,Alpine F1 Team,19,19,0.010966,0,0,15,0.0
2025,3,Japanese Grand Prix,2025-04-06,alonso,Fernando Alonso,aston_martin,Aston Martin,12,13,0.010922,0,0,11,0.0
2025,3,Japanese Grand Prix,2025-04-06,lawson,Liam Lawson,rb,RB F1 Team,13,14,0.010330,0,0,17,0.0
2025,3,Japanese Grand Prix,2025-04-06,bortoleto,Gabriel Bortoleto,sauber,Sauber,17,17,0.010132,0,0,19,0.0
2025,4,Bahrain Grand Prix,2025-04-13,piastri,Oscar Piastri,mclaren,McLaren,1,1,0.742301,1,1,1,25.0
2025,4,Bahrain Grand Prix,2025-04-13,russell,George Russell,mercedes,Mercedes,3,2,0.673036,1,1,2,18.0
2025,4,Bahrain Grand Prix,2025-04-13,antonelli,Andrea Kimi Antonelli,mercedes,Mercedes,5,4,0.432854,1,0,11,0.0
2025,4,Bahrain Grand Prix,2025-04-13,norris,Lando Norris,mclaren,McLaren,6,6,0.335914,1,1,3,15.0
2025,4,Bahrain Grand Prix,2025-04-13,max_verstappen,Max Verstappen,red_bull,Red Bull,7,7,0.324911,0,0,6,8.0
2025,4,Bahrain Grand Prix,2025-04-13,leclerc,Charles Leclerc,ferrari,Ferrari,2,3,0.264275,0,0,4,12.0
2025,4,Bahrain Grand Prix,2025-04-13,gasly,Pierre Gasly,alpine,Alpine F1 Team,4,5,0.038436,0,0,7,6.0
2025,4,Bahrain Grand Prix,2025-04-13,tsunoda,Yuki Tsunoda,red_bull,Red Bull,10,10,0.027259,0,0,9,2.0
2025,4,Bahrain Grand Prix,2025-04-13,hamilton,Lewis Hamilton,ferrari,Ferrari,9,9,0.017845,0,0,5,10.0
2025,4,Bahrain Grand Prix,2025-04-13,sainz,Carlos Sainz,williams,Williams,8,8,0.013429,0,0,19,0.0
2025,4,Bahrain Grand Prix,2025-04-13,albon,Alexander Albon,williams,Williams,15,15,0.013130,0,0,12,0.0
2025,4,Bahrain Grand Prix,2025-04-13,ocon,Esteban Ocon,haas,Haas F1 Team,14,14,0.012285,0,0,8,4.0
2025,4,Bahrain Grand Prix,2025-04-13,stroll,Lance Stroll,aston_martin,Aston Martin,19,19,0.011946,0,0,17,0.0
2025,4,Bahrain Grand Prix,2025-04-13,doohan,Jack Doohan,alpine,Alpine F1 Team,11,11,0.011289,0,0,14,0.0
2025,4,Bahrain Grand Prix,2025-04-13,alonso,Fernando Alonso,aston_martin,Aston Martin,13,13,0.010951,0,0,15,0.0
2025,4,Bahrain Grand Prix,2025-04-13,bearman,Oliver Bearman,haas,Haas F1 Team,20,20,0.010911,0,0,10,1.0
2025,4,Bahrain Grand Prix,2025-04-13,hadjar,Isack Hadjar,rb,RB F1 Team,12,12,0.010670,0,0,13,0.0
2025,4,Bahrain Grand Prix,2025-04-13,hulkenberg,Nico Hülkenberg,sauber,Sauber,16,16,0.010619,0,0,20,0.0
2025,4,Bahrain Grand Prix,2025-04-13,lawson,Liam Lawson,rb,RB F1 Team,17,17,0.010305,0,0,16,0.0
2025,4,Bahrain Grand Prix,2025-04-13,bortoleto,Gabriel Bortoleto,sauber,Sauber,18,18,0.010298,0,0,18,0.0
2025,5,Saudi Arabian Grand Prix,2025-04-20,piastri,Oscar Piastri,mclaren,McLaren,2,2,0.764684,1,1,1,25.0
2025,5,Saudi Arabian Grand Prix,2025-04-20,russell,George Russell,mercedes,Mercedes,3,3,0.656755,1,0,5,10.0
2025,5,Saudi Arabian Grand Prix,2025-04-20,max_verstappen,Max Verstappen,red_bull,Red Bull,1,1,0.641763,1,1,2,18.0
2025,5,Saudi Arabian Grand Prix,2025-04-20,leclerc,Charles Leclerc,ferrari,Ferrari,4,4,0.287883,0,1,3,15.0
2025,5,Saudi Arabian Grand Prix,2025-04-20,antonelli,Andrea Kimi Antonelli,mercedes,Mercedes,5,5,0.235774,0,0,6,8.0
2025,5,Saudi Arabian Grand Prix,2025-04-20,norris,Lando Norris,mclaren,McLaren,10,10,0.187204,0,0,4,12.0
2025,5,Saudi Arabian Grand Prix,2025-04-20,hamilton,Lewis Hamilton,ferrari,Ferrari,7,7,0.026078,0,0,7,6.0
2025,5,Saudi Arabian Grand Prix,2025-04-20,tsunoda,Yuki Tsunoda,red_bull,Red Bull,8,8,0.019625,0,0,19,0.0
2025,5,Saudi Arabian Grand Prix,2025-04-20,gasly,Pierre Gasly,alpine,Alpine F1 Team,9,9,0.013328,0,0,20,0.0
2025,5,Saudi Arabian Grand Prix,2025-04-20,sainz,Carlos Sainz,williams,Williams,6,6,0.013254,0,0,8,4.0
2025,5,Saudi Arabian Grand Prix,2025-04-20,albon,Alexander Albon,williams,Williams,11,11,0.012365,0,0,9,2.0
2025,5,Saudi Arabian Grand Prix,2025-04-20,ocon,Esteban Ocon,haas,Haas F1 Team,19,19,0.012225,0,0,14,0.0
2025,5,Saudi Arabian Grand Prix,2025-04-20,bearman,Oliver Bearman,haas,Haas F1 Team,15,15,0.011201,0,0,13,0.0
2025,5,Saudi Arabian Grand Prix,2025-04-20,doohan,Jack Doohan,alpine,Alpine F1 Team,17,17,0.010851,0,0,17,0.0
2025,5,Saudi Arabian Grand Prix,2025-04-20,stroll,Lance Stroll,aston_martin,Aston Martin,16,16,0.010737,0,0,16,0.0
2025,5,Saudi Arabian Grand Prix,2025-04-20,alonso,Fernando Alonso,aston_martin,Aston Martin,13,13,0.010508,0,0,11,0.0
2025,5,Saudi Arabian Grand Prix,2025-04-20,hadjar,Isack Hadjar,rb,RB F1 Team,14,14,0.010445,0,0,10,1.0
2025,5,Saudi Arabian Grand Prix,2025-04-20,hulkenberg,Nico Hülkenberg,sauber,Sauber,18,18,0.010360,0,0,15,0.0
2025,5,Saudi Arabian Grand Prix,2025-04-20,lawson,Liam Lawson,rb,RB F1 Team,12,12,0.010138,0,0,12,0.0
2025,5,Saudi Arabian Grand Prix,2025-04-20,bortoleto,Gabriel Bortoleto,sauber,Sauber,20,20,0.010041,0,0,18,0.0
2025,6,Miami Grand Prix,2025-05-04,norris,Lando Norris,mclaren,McLaren,2,2,0.759298,1,1,2,18.0
2025,6,Miami Grand Prix,2025-05-04,piastri,Oscar Piastri,mclaren,McLaren,4,4,0.722181,1,1,1,25.0
2025,6,Miami Grand Prix,2025-05-04,max_verstappen,Max Verstappen,red_bull,Red Bull,1,1,0.716204,1,0,4,12.0
2025,6,Miami Grand Prix,2025-05-04,antonelli,Andrea Kimi Antonelli,mercedes,Mercedes,3,3,0.404235,1,0,6,8.0
2025,6,Miami Grand Prix,2025-05-04,russell,George Russell,mercedes,Mercedes,5,5,0.346820,1,1,3,15.0
2025,6,Miami Grand Prix,2025-05-04,leclerc,Charles Leclerc,ferrari,Ferrari,8,8,0.057619,0,0,7,6.0
2025,6,Miami Grand Prix,2025-05-04,hamilton,Lewis Hamilton,ferrari,Ferrari,12,12,0.034072,0,0,8,4.0
2025,6,Miami Grand Prix,2025-05-04,tsunoda,Yuki Tsunoda,red_bull,Red Bull,10,10,0.026201,0,0,10,1.0
2025,6,Miami Grand Prix,2025-05-04,sainz,Carlos Sainz,williams,Williams,6,6,0.013705,0,0,9,2.0
2025,6,Miami Grand Prix,2025-05-04,albon,Alexander Albon,williams,Williams,7,7,0.012300,0,0,5,10.0
2025,6,Miami Grand Prix,2025-05-04,ocon,Esteban Ocon,haas,Haas F1 Team,9,9,0.011906,0,0,12,0.0
2025,6,Miami Grand Prix,2025-05-04,gasly,Pierre Gasly,alpine,Alpine F1 Team,20,18,0.011150,0,0,13,0.0
2025,6,Miami Grand Prix,2025-05-04,hadjar,Isack Hadjar,rb,RB F1 Team,11,11,0.010503,0,0,11,0.0
2025,6,Miami Grand Prix,2025-05-04,bearman,Oliver Bearman,haas,Haas F1 Team,19,20,0.010306,0,0,19,0.0
2025,6,Miami Grand Prix,2025-05-04,stroll,Lance Stroll,aston_martin,Aston Martin,18,19,0.010305,0,0,16,0.0
2025,6,Miami Grand Prix,2025-05-04,alonso,Fernando Alonso,aston_martin,Aston Martin,17,17,0.010295,0,0,15,0.0
2025,6,Miami Grand Prix,2025-05-04,doohan,Jack Doohan,alpine,Alpine F1 Team,14,14,0.010242,0,0,20,0.0
2025,6,Miami Grand Prix,2025-05-04,hulkenberg,Nico Hülkenberg,sauber,Sauber,16,16,0.009971,0,0,14,0.0
2025,6,Miami Grand Prix,2025-05-04,bortoleto,Gabriel Bortoleto,sauber,Sauber,13,13,0.009858,0,0,18,0.0
2025,6,Miami Grand Prix,2025-05-04,lawson,Liam Lawson,rb,RB F1 Team,15,15,0.009842,0,0,17,0.0
2025,7,Emilia Romagna Grand Prix,2025-05-18,piastri,Oscar Piastri,mclaren,McLaren,1,1,0.766582,1,1,3,15.0
2025,7,Emilia Romagna Grand Prix,2025-05-18,norris,Lando Norris,mclaren,McLaren,4,4,0.690577,1,1,2,18.0
2025,7,Emilia Romagna Grand Prix,2025-05-18,russell,George Russell,mercedes,Mercedes,3,3,0.668040,1,0,7,6.0
2025,7,Emilia Romagna Grand Prix,2025-05-18,max_verstappen,Max Verstappen,red_bull,Red Bull,2,2,0.661458,1,1,1,25.0
2025,7,Emilia Romagna Grand Prix,2025-05-18,antonelli,Andrea Kimi Antonelli,mercedes,Mercedes,13,13,0.060103,0,0,19,0.0
2025,7,Emilia Romagna Grand Prix,2025-05-18,leclerc,Charles Leclerc,ferrari,Ferrari,11,11,0.040661,0,0,6,8.0
2025,7,Emilia Romagna Grand Prix,2025-05-18,alonso,Fernando Alonso,aston_martin,Aston Martin,5,5,0.024702,0,0,11,0.0
2025,7,Emilia Romagna Grand Prix,2025-05-18,hamilton,Lewis Hamilton,ferrari,Ferrari,12,12,0.023992,0,0,4,12.0
2025,7,Emilia Romagna Grand Prix,2025-05-18,tsunoda,Yuki Tsunoda,red_bull,Red Bull,20,20,0.019484,0,0,10,1.0
2025,7,Emilia Romagna Grand Prix,2025-05-18,sainz,Carlos Sainz,williams,Williams,6,6,0.015086,0,0,8,4.0
2025,7,Emilia Romagna Grand Prix,2025-05-18,albon,Alexander Albon,williams,Williams,7,7,0.014528,0,0,5,10.0
2025,7,Emilia Romagna Grand Prix,2025-05-18,ocon,Esteban Ocon,haas,Haas F1 Team,18,18,0.011961,0,0,20,0.0
2025,7,Emilia Romagna Grand Prix,2025-05-18,gasly,Pierre Gasly,alpine,Alpine F1 Team,10,10,0.011662,0,0,13,0.0
2025,7,Emilia Romagna Grand Prix,2025-05-18,stroll,Lance Stroll,aston_martin,Aston Martin,8,8,0.011512,0,0,15,0.0
2025,7,Emilia Romagna Grand Prix,2025-05-18,colapinto,Franco Colapinto,alpine,Alpine F1 Team,16,15,0.010466,0,0,16,0.0
2025,7,Emilia Romagna Grand Prix,2025-05-18,hadjar,Isack Hadjar,rb,RB F1 Team,9,9,0.010286,0,0,9,2.0
2025,7,Emilia Romagna Grand Prix,2025-05-18,bearman,Oliver Bearman,haas,Haas F1 Team,19,19,0.010208,0,0,17,0.0
2025,7,Emilia Romagna Grand Prix,2025-05-18,hulkenberg,Nico Hülkenberg,sauber,Sauber,17,17,0.010058,0,0,12,0.0
2025,7,Emilia Romagna Grand Prix,2025-05-18,lawson,Liam Lawson,rb,RB F1 Team,15,16,0.009883,0,0,14,0.0
2025,7,Emilia Romagna Grand Prix,2025-05-18,bortoleto,Gabriel Bortoleto,sauber,Sauber,14,14,0.009876,0,0,18,0.0
2025,8,Monaco Grand Prix,2025-05-25,piastri,Oscar Piastri,mclaren,McLaren,3,3,0.768111,1,1,3,15.0
2025,8,Monaco Grand Prix,2025-05-25,norris,Lando Norris,mclaren,McLaren,1,1,0.764015,1,1,1,25.0
2025,8,Monaco Grand Prix,2025-05-25,max_verstappen,Max Verstappen,red_bull,Red Bull,4,5,0.590911,1,0,4,12.0
2025,8,Monaco Grand Prix,2025-05-25,leclerc,Charles Leclerc,ferrari,Ferrari,2,2,0.459111,1,1,2,18.0
2025,8,Monaco Grand Prix,2025-05-25,hamilton,Lewis Hamilton,ferrari,Ferrari,7,4,0.094287,0,0,5,10.0
2025,8,Monaco Grand Prix,2025-05-25,russell,George Russell,mercedes,Mercedes,14,14,0.059267,0,0,11,0.0
2025,8,Monaco Grand Prix,2025-05-25,antonelli,Andrea Kimi Antonelli,mercedes,Mercedes,15,15,0.038998,0,0,18,0.0
2025,8,Monaco Grand Prix,2025-05-25,tsunoda,Yuki Tsunoda,red_bull,Red Bull,12,12,0.025130,0,0,17,0.0
2025,8,Monaco Grand Prix,2025-05-25,albon,Alexander Albon,williams,Williams,10,10,0.014924,0,0,9,2.0
2025,8,Monaco Grand Prix,2025-05-25,hadjar,Isack Hadjar,rb,RB F1 Team,5,6,0.014885,0,0,6,8.0
2025,8,Monaco Grand Prix,2025-05-25,sainz,Carlos Sainz,williams,Williams,11,11,0.013492,0,0,10,1.0
2025,8,Monaco Grand Prix,2025-05-25,ocon,Esteban Ocon,haas,Haas F1 Team,8,8,0.012517,0,0,7,6.0
2025,8,Monaco Grand Prix,2025-05-25,gasly,Pierre Gasly,alpine,Alpine F1 Team,17,18,0.012253,0,0,20,0.0
2025,8,Monaco Grand Prix,2025-05-25,alonso,Fernando Alonso,aston_martin,Aston Martin,6,7,0.011777,0,0,19,0.0
2025,8,Monaco Grand Prix,2025-05-25,colapinto,Franco Colapinto,alpine,Alpine F1 Team,18,20,0.010729,0,0,13,0.0
2025,8,Monaco Grand Prix,2025-05-25,stroll,Lance Stroll,aston_martin,Aston Martin,19,19,0.010602,0,0,15,0.0
2025,8,Monaco Grand Prix,2025-05-25,hulkenberg,Nico Hülkenberg,sauber,Sauber,13,13,0.010283,0,0,16,0.0
2025,8,Monaco Grand Prix,2025-05-25,lawson,Liam Lawson,rb,RB F1 Team,9,9,0.010146,0,0,8,4.0
2025,8,Monaco Grand Prix,2025-05-25,bearman,Oliver Bearman,haas,Haas F1 Team,20,17,0.010110,0,0,12,0.0
2025,8,Monaco Grand Prix,2025-05-25,bortoleto,Gabriel Bortoleto,sauber,Sauber,16,16,0.009925,0,0,14,0.0
2025,9,Spanish Grand Prix,2025-06-01,piastri,Oscar Piastri,mclaren,McLaren,1,1,0.763436,1,1,1,25.0
2025,9,Spanish Grand Prix,2025-06-01,norris,Lando Norris,mclaren,McLaren,2,2,0.761357,1,1,2,18.0
2025,9,Spanish Grand Prix,2025-06-01,max_verstappen,Max Verstappen,red_bull,Red Bull,3,3,0.667709,1,0,10,1.0
2025,9,Spanish Grand Prix,2025-06-01,russell,George Russell,mercedes,Mercedes,4,4,0.417480,1,0,4,12.0
2025,9,Spanish Grand Prix,2025-06-01,hamilton,Lewis Hamilton,ferrari,Ferrari,5,5,0.205632,0,0,6,8.0
2025,9,Spanish Grand Prix,2025-06-01,leclerc,Charles Leclerc,ferrari,Ferrari,7,7,0.068760,0,1,3,15.0
2025,9,Spanish Grand Prix,2025-06-01,antonelli,Andrea Kimi Antonelli,mercedes,Mercedes,6,6,0.039903,0,0,18,0.0
2025,9,Spanish Grand Prix,2025-06-01,tsunoda,Yuki Tsunoda,red_bull,Red Bull,19,20,0.022029,0,0,13,0.0
2025,9,Spanish Grand Prix,2025-06-01,albon,Alexander Albon,williams,Williams,11,11,0.016109,0,0,19,0.0
2025,9,Spanish Grand Prix,2025-06-01,gasly,Pierre Gasly,alpine,Alpine F1 Team,8,8,0.013567,0,0,8,4.0
2025,9,Spanish Grand Prix,2025-06-01,sainz,Carlos Sainz,williams,Williams,17,18,0.013527,0,0,14,0.0
2025,9,Spanish Grand Prix,2025-06-01,hadjar,Isack Hadjar,rb,RB F1 Team,9,9,0.012173,0,0,7,6.0
2025,9,Spanish Grand Prix,2025-06-01,ocon,Esteban Ocon,haas,Haas F1 Team,16,17,0.011351,0,0,16,0.0
2025,9,Spanish Grand Prix,2025-06-01,alonso,Fernando Alonso,aston_martin,Aston Martin,10,10,0.010610,0,0,9,2.0
2025,9,Spanish Grand Prix,2025-06-01,colapinto,Franco Colapinto,alpine,Alpine F1 Team,18,19,0.010547,0,0,15,0.0
2025,9,Spanish Grand Prix,2025-06-01,lawson,Liam Lawson,rb,RB F1 Team,13,13,0.010412,0,0,11,0.0
2025,9,Spanish Grand Prix,2025-06-01,hulkenberg,Nico Hülkenberg,sauber,Sauber,15,16,0.010108,0,0,5,10.0
2025,9,Spanish Grand Prix,2025-06-01,bortoleto,Gabriel Bortoleto,sauber,Sauber,12,12,0.010052,0,0,12,0.0
2025,9,Spanish Grand Prix,2025-06-01,bearman,Oliver Bearman,haas,Haas F1 Team,14,15,0.010023,0,0,17,0.0
2025,10,Canadian Grand Prix,2025-06-15,piastri,Oscar Piastri,mclaren,McLaren,3,3,0.744967,1,0,4,12.0
2025,10,Canadian Grand Prix,2025-06-15,max_verstappen,Max Verstappen,red_bull,Red Bull,2,2,0.639795,1,1,2,18.0
2025,10,Canadian Grand Prix,2025-06-15,russell,George Russell,mercedes,Mercedes,1,1,0.423564,1,1,1,25.0
2025,10,Canadian Grand Prix,2025-06-15,hamilton,Lewis Hamilton,ferrari,Ferrari,5,5,0.362424,1,0,6,8.0
2025,10,Canadian Grand Prix,2025-06-15,norris,Lando Norris,mclaren,McLaren,7,7,0.332302,1,0,18,0.0
2025,10,Canadian Grand Prix,2025-06-15,antonelli,Andrea Kimi Antonelli,mercedes,Mercedes,4,4,0.201977,0,1,3,15.0
2025,10,Canadian Grand Prix,2025-06-15,leclerc,Charles Leclerc,ferrari,Ferrari,8,8,0.128097,0,0,5,10.0
2025,10,Canadian Grand Prix,2025-06-15,tsunoda,Yuki Tsunoda,red_bull,Red Bull,18,11,0.022639,0,0,12,0.0
2025,10,Canadian Grand Prix,2025-06-15,albon,Alexander Albon,williams,Williams,9,10,0.013542,0,0,20,0.0
2025,10,Canadian Grand Prix,2025-06-15,hadjar,Isack Hadjar,rb,RB F1 Team,12,9,0.012398,0,0,16,0.0
2025,10,Canadian Grand Prix,2025-06-15,gasly,Pierre Gasly,alpine,Alpine F1 Team,20,20,0.012375,0,0,15,0.0
2025,10,Canadian Grand Prix,2025-06-15,sainz,Carlos Sainz,williams,Williams,16,17,0.012251,0,0,10,1.0
2025,10,Canadian Grand Prix,2025-06-15,alonso,Fernando Alonso,aston_martin,Aston Martin,6,6,0.011643,0,0,7,6.0
2025,10,Canadian Grand Prix,2025-06-15,ocon,Esteban Ocon,haas,Haas F1 Team,14,15,0.011526,0,0,9,2.0
2025,10,Canadian Grand Prix,2025-06-15,hulkenberg,Nico Hülkenberg,sauber,Sauber,11,13,0.010998,0,0,8,4.0
2025,10,Canadian Grand Prix,2025-06-15,colapinto,Franco Colapinto,alpine,Alpine F1 Team,10,12,0.010745,0,0,13,0.0
2025,10,Canadian Grand Prix,2025-06-15,lawson,Liam Lawson,rb,RB F1 Team,19,19,0.010352,0,0,19,0.0
2025,10,Canadian Grand Prix,2025-06-15,stroll,Lance Stroll,aston_martin,Aston Martin,17,18,0.010319,0,0,17,0.0
2025,10,Canadian Grand Prix,2025-06-15,bortoleto,Gabriel Bortoleto,sauber,Sauber,15,16,0.010031,0,0,14,0.0
2025,10,Canadian Grand Prix,2025-06-15,bearman,Oliver Bearman,haas,Haas F1 Team,13,14,0.010011,0,0,11,0.0
2025,11,Austrian Grand Prix,2025-06-29,piastri,Oscar Piastri,mclaren,McLaren,3,3,0.739344,1,1,2,18.0
2025,11,Austrian Grand Prix,2025-06-29,norris,Lando Norris,mclaren,McLaren,1,1,0.727707,1,1,1,25.0
2025,11,Austrian Grand Prix,2025-06-29,leclerc,Charles Leclerc,ferrari,Ferrari,2,2,0.696448,1,1,3,15.0
2025,11,Austrian Grand Prix,2025-06-29,hamilton,Lewis Hamilton,ferrari,Ferrari,4,4,0.537045,1,0,4,12.0
2025,11,Austrian Grand Prix,2025-06-29,russell,George Russell,mercedes,Mercedes,5,5,0.376050,1,0,5,10.0
2025,11,Austrian Grand Prix,2025-06-29,max_verstappen,Max Verstappen,red_bull,Red Bull,7,7,0.106002,0,0,18,0.0
2025,11,Austrian Grand Prix,2025-06-29,antonelli,Andrea Kimi Antonelli,mercedes,Mercedes,9,9,0.045327,0,0,19,0.0
2025,11,Austrian Grand Prix,2025-06-29,tsunoda,Yuki Tsunoda,red_bull,Red Bull,18,18,0.024097,0,0,16,0.0
2025,11,Austrian Grand Prix,2025-06-29,gasly,Pierre Gasly,alpine,Alpine F1 Team,10,10,0.012855,0,0,13,0.0
2025,11,Austrian Grand Prix,2025-06-29,albon,Alexander Albon,williams,Williams,12,12,0.012521,0,0,17,0.0
2025,11,Austrian Grand Prix,2025-06-29,lawson,Liam Lawson,rb,RB F1 Team,6,6,0.011981,0,0,6,8.0
2025,11,Austrian Grand Prix,2025-06-29,sainz,Carlos Sainz,williams,Williams,19,19,0.011855,0,0,20,0.0
2025,11,Austrian Grand Prix,2025-06-29,hulkenberg,Nico Hülkenberg,sauber,Sauber,20,20,0.011612,0,0,9,2.0
2025,11,Austrian Grand Prix,2025-06-29,hadjar,Isack Hadjar,rb,RB F1 Team,13,13,0.011582,0,0,12,0.0
2025,11,Austrian Grand Prix,2025-06-29,ocon,Esteban Ocon,haas,Haas F1 Team,17,17,0.011468,0,0,10,1.0
2025,11,Austrian Grand Prix,2025-06-29,bortoleto,Gabriel Bortoleto,sauber,Sauber,8,8,0.010948,0,0,8,4.0
2025,11,Austrian Grand Prix,2025-06-29,colapinto,Franco Colapinto,alpine,Alpine F1 Team,14,14,0.010747,0,0,15,0.0
2025,11,Austrian Grand Prix,2025-06-29,alonso,Fernando Alonso,aston_martin,Aston Martin,11,11,0.010578,0,0,7,6.0
2025,11,Austrian Grand Prix,2025-06-29,stroll,Lance Stroll,aston_martin,Aston Martin,16,16,0.010405,0,0,14,0.0
2025,11,Austrian Grand Prix,2025-06-29,bearman,Oliver Bearman,haas,Haas F1 Team,15,15,0.009979,0,0,11,0.0
2025,12,British Grand Prix,2025-07-06,piastri,Oscar Piastri,mclaren,McLaren,2,2,0.771951,1,1,2,18.0
2025,12,British Grand Prix,2025-07-06,norris,Lando Norris,mclaren,McLaren,3,3,0.722551,1,1,1,25.0
2025,12,British Grand Prix,2025-07-06,russell,George Russell,mercedes,Mercedes,4,4,0.573391,1,0,10,1.0
2025,12,British Grand Prix,2025-07-06,max_verstappen,Max Verstappen,red_bull,Red Bull,1,1,0.510422,1,0,5,10.0
2025,12,British Grand Prix,2025-07-06,hamilton,Lewis Hamilton,ferrari,Ferrari,5,5,0.373666,1,0,4,12.0
2025,12,British Grand Prix,2025-07-06,leclerc,Charles Leclerc,ferrari,Ferrari,6,6,0.233038,0,0,14,0.0
2025,12,British Grand Prix,2025-07-06,antonelli,Andrea Kimi Antonelli,mercedes,Mercedes,10,7,0.060154,0,0,16,0.0
2025,12,British Grand Prix,2025-07-06,tsunoda,Yuki Tsunoda,red_bull,Red Bull,11,12,0.023401,0,0,15,0.0
2025,12,British Grand Prix,2025-07-06,alonso,Fernando Alonso,aston_martin,Aston Martin,7,9,0.012742,0,0,9,2.0
2025,12,British Grand Prix,2025-07-06,gasly,Pierre Gasly,alpine,Alpine F1 Team,8,10,0.012684,0,0,6,8.0
2025,12,British Grand Prix,2025-07-06,hulkenberg,Nico Hülkenberg,sauber,Sauber,19,19,0.012322,0,1,3,15.0
2025,12,British Grand Prix,2025-07-06,albon,Alexander Albon,williams,Williams,13,14,0.012069,0,0,8,4.0
2025,12,British Grand Prix,2025-07-06,sainz,Carlos Sainz,williams,Williams,9,11,0.011614,0,0,12,0.0
2025,12,British Grand Prix,2025-07-06,ocon,Esteban Ocon,haas,Haas F1 Team,14,15,0.011375,0,0,13,0.0
2025,12,British Grand Prix,2025-07-06,hadjar,Isack Hadjar,rb,RB F1 Team,12,13,0.011026,0,0,17,0.0
2025,12,British Grand Prix,2025-07-06,lawson,Liam Lawson,rb,RB F1 Team,15,16,0.010915,0,0,19,0.0
2025,12,British Grand Prix,2025-07-06,colapinto,Franco Colapinto,alpine,Alpine F1 Team,20,20,0.010671,0,0,20,0.0
2025,12,British Grand Prix,2025-07-06,stroll,Lance Stroll,aston_martin,Aston Martin,17,18,0.010339,0,0,7,6.0
2025,12,British Grand Prix,2025-07-06,bortoleto,Gabriel Bortoleto,sauber,Sauber,16,17,0.010308,0,0,18,0.0
2025,12,British Grand Prix,2025-07-06,bearman,Oliver Bearman,haas,Haas F1 Team,18,8,0.010172,0,0,11,0.0
2025,13,Belgian Grand Prix,2025-07-27,piastri,Oscar Piastri,mclaren,McLaren,2,2,0.771936,1,1,1,25.0
2025,13,Belgian Grand Prix,2025-07-27,norris,Lando Norris,mclaren,McLaren,1,1,0.740695,1,1,2,18.0
2025,13,Belgian Grand Prix,2025-07-27,leclerc,Charles Leclerc,ferrari,Ferrari,3,3,0.576774,1,1,3,15.0
2025,13,Belgian Grand Prix,2025-07-27,max_verstappen,Max Verstappen,red_bull,Red Bull,4,4,0.442967,1,0,4,12.0
2025,13,Belgian Grand Prix,2025-07-27,russell,George Russell,mercedes,Mercedes,6,6,0.118793,0,0,5,10.0
2025,13,Belgian Grand Prix,2025-07-27,hamilton,Lewis Hamilton,ferrari,Ferrari,18,16,0.068846,0,0,7,6.0
2025,13,Belgian Grand Prix,2025-07-27,albon,Alexander Albon,williams,Williams,5,5,0.037104,0,0,6,8.0
2025,13,Belgian Grand Prix,2025-07-27,antonelli,Andrea Kimi Antonelli,mercedes,Mercedes,19,18,0.036936,0,0,16,0.0
2025,13,Belgian Grand Prix,2025-07-27,tsunoda,Yuki Tsunoda,red_bull,Red Bull,7,7,0.025821,0,0,13,0.0
2025,13,Belgian Grand Prix,2025-07-27,hulkenberg,Nico Hülkenberg,sauber,Sauber,14,14,0.013565,0,0,12,0.0
2025,13,Belgian Grand Prix,2025-07-27,gasly,Pierre Gasly,alpine,Alpine F1 Team,13,13,0.013209,0,0,10,1.0
2025,13,Belgian Grand Prix,2025-07-27,bortoleto,Gabriel Bortoleto,sauber,Sauber,10,10,0.012902,0,0,9,2.0
2025,13,Belgian Grand Prix,2025-07-27,alonso,Fernando Alonso,aston_martin,Aston Martin,20,19,0.012140,0,0,17,0.0
2025,13,Belgian Grand Prix,2025-07-27,sainz,Carlos Sainz,williams,Williams,17,15,0.011766,0,0,18,0.0
2025,13,Belgian Grand Prix,2025-07-27,ocon,Esteban Ocon,haas,Haas F1 Team,11,11,0.011477,0,0,15,0.0
2025,13,Belgian Grand Prix,2025-07-27,hadjar,Isack Hadjar,rb,RB F1 Team,8,8,0.011346,0,0,20,0.0
2025,13,Belgian Grand Prix,2025-07-27,lawson,Liam Lawson,rb,RB F1 Team,9,9,0.011258,0,0,8,4.0
2025,13,Belgian Grand Prix,2025-07-27,colapinto,Franco Colapinto,alpine,Alpine F1 Team,15,17,0.010763,0,0,19,0.0
2025,13,Belgian Grand Prix,2025-07-27,stroll,Lance Stroll,aston_martin,Aston Martin,16,20,0.010708,0,0,14,0.0
2025,13,Belgian Grand Prix,2025-07-27,bearman,Oliver Bearman,haas,Haas F1 Team,12,12,0.010236,0,0,11,0.0
2025,14,Hungarian Grand Prix,2025-08-03,piastri,Oscar Piastri,mclaren,McLaren,2,2,0.745922,1,1,2,18.0
2025,14,Hungarian Grand Prix,2025-08-03,norris,Lando Norris,mclaren,McLaren,3,3,0.726351,1,1,1,25.0
2025,14,Hungarian Grand Prix,2025-08-03,leclerc,Charles Leclerc,ferrari,Ferrari,1,1,0.650378,1,0,4,12.0
2025,14,Hungarian Grand Prix,2025-08-03,russell,George Russell,mercedes,Mercedes,4,4,0.345484,1,1,3,15.0
2025,14,Hungarian Grand Prix,2025-08-03,hamilton,Lewis Hamilton,ferrari,Ferrari,12,12,0.114042,0,0,12,0.0
2025,14,Hungarian Grand Prix,2025-08-03,max_verstappen,Max Verstappen,red_bull,Red Bull,8,8,0.078249,0,0,9,2.0
2025,14,Hungarian Grand Prix,2025-08-03,alonso,Fernando Alonso,aston_martin,Aston Martin,5,5,0.034005,0,0,5,10.0
2025,14,Hungarian Grand Prix,2025-08-03,antonelli,Andrea Kimi Antonelli,mercedes,Mercedes,15,15,0.030801,0,0,10,1.0
2025,14,Hungarian Grand Prix,2025-08-03,tsunoda,Yuki Tsunoda,red_bull,Red Bull,20,16,0.020104,0,0,17,0.0
2025,14,Hungarian Grand Prix,2025-08-03,hulkenberg,Nico Hülkenberg,sauber,Sauber,18,19,0.014656,0,0,13,0.0
2025,14,Hungarian Grand Prix,2025-08-03,bortoleto,Gabriel Bortoleto,sauber,Sauber,7,7,0.014593,0,0,6,8.0
2025,14,Hungarian Grand Prix,2025-08-03,albon,Alexander Albon,williams,Williams,19,20,0.014310,0,0,15,0.0
2025,14,Hungarian Grand Prix,2025-08-03,gasly,Pierre Gasly,alpine,Alpine F1 Team,16,17,0.013732,0,0,19,0.0
2025,14,Hungarian Grand Prix,2025-08-03,stroll,Lance Stroll,aston_martin,Aston Martin,6,6,0.013542,0,0,7,6.0
2025,14,Hungarian Grand Prix,2025-08-03,lawson,Liam Lawson,rb,RB F1 Team,9,9,0.013309,0,0,8,4.0
2025,14,Hungarian Grand Prix,2025-08-03,sainz,Carlos Sainz,williams,Williams,13,13,0.012693,0,0,14,0.0
2025,14,Hungarian Grand Prix,2025-08-03,ocon,Esteban Ocon,haas,Haas F1 Team,17,18,0.012212,0,0,16,0.0
2025,14,Hungarian Grand Prix,2025-08-03,colapinto,Franco Colapinto,alpine,Alpine F1 Team,14,14,0.012037,0,0,18,0.0
2025,14,Hungarian Grand Prix,2025-08-03,hadjar,Isack Hadjar,rb,RB F1 Team,10,10,0.011993,0,0,11,0.0
2025,14,Hungarian Grand Prix,2025-08-03,bearman,Oliver Bearman,haas,Haas F1 Team,11,11,0.010925,0,0,20,0.0
2025,15,Dutch Grand Prix,2025-08-31,piastri,Oscar Piastri,mclaren,McLaren,1,1,0.764635,1,1,1,25.0
2025,15,Dutch Grand Prix,2025-08-31,norris,Lando Norris,mclaren,McLaren,2,2,0.751253,1,0,18,0.0
2025,15,Dutch Grand Prix,2025-08-31,max_verstappen,Max Verstappen,red_bull,Red Bull,3,3,0.455501,1,1,2,18.0
2025,15,Dutch Grand Prix,2025-08-31,russell,George Russell,mercedes,Mercedes,5,5,0.321284,0,0,4,12.0
2025,15,Dutch Grand Prix,2025-08-31,leclerc,Charles Leclerc,ferrari,Ferrari,6,6,0.139625,0,0,19,0.0
2025,15,Dutch Grand Prix,2025-08-31,hadjar,Isack Hadjar,rb,RB F1 Team,4,4,0.072598,0,1,3,15.0
2025,15,Dutch Grand Prix,2025-08-31,hamilton,Lewis Hamilton,ferrari,Ferrari,7,7,0.072339,0,0,20,0.0
2025,15,Dutch Grand Prix,2025-08-31,antonelli,Andrea Kimi Antonelli,mercedes,Mercedes,11,11,0.039521,0,0,16,0.0
2025,15,Dutch Grand Prix,2025-08-31,tsunoda,Yuki Tsunoda,red_bull,Red Bull,12,12,0.023122,0,0,9,2.0
2025,15,Dutch Grand Prix,2025-08-31,gasly,Pierre Gasly,alpine,Alpine F1 Team,14,14,0.015608,0,0,17,0.0
2025,15,Dutch Grand Prix,2025-08-31,alonso,Fernando Alonso,aston_martin,Aston Martin,10,10,0.015220,0,0,8,4.0
2025,15,Dutch Grand Prix,2025-08-31,bortoleto,Gabriel Bortoleto,sauber,Sauber,13,13,0.014880,0,0,15,0.0
2025,15,Dutch Grand Prix,2025-08-31,sainz,Carlos Sainz,williams,Williams,9,9,0.014837,0,0,13,0.0
2025,15,Dutch Grand Prix,2025-08-31,albon,Alexander Albon,williams,Williams,15,15,0.014811,0,0,5,10.0
2025,15,Dutch Grand Prix,2025-08-31,hulkenberg,Nico Hülkenberg,sauber,Sauber,17,17,0.014503,0,0,14,0.0
2025,15,Dutch Grand Prix,2025-08-31,stroll,Lance Stroll,aston_martin,Aston Martin,19,20,0.013812,0,0,7,6.0
2025,15,Dutch Grand Prix,2025-08-31,lawson,Liam Lawson,rb,RB F1 Team,8,8,0.013626,0,0,12,0.0
2025,15,Dutch Grand Prix,2025-08-31,colapinto,Franco Colapinto,alpine,Alpine F1 Team,16,16,0.012865,0,0,11,0.0
2025,15,Dutch Grand Prix,2025-08-31,ocon,Esteban Ocon,haas,Haas F1 Team,18,18,0.012443,0,0,10,1.0
2025,15,Dutch Grand Prix,2025-08-31,bearman,Oliver Bearman,haas,Haas F1 Team,20,19,0.010692,0,0,6,8.0
2025,16,Italian Grand Prix,2025-09-07,piastri,Oscar Piastri,mclaren,McLaren,3,3,0.766992,1,1,3,15.0
2025,16,Italian Grand Prix,2025-09-07,norris,Lando Norris,mclaren,McLaren,2,2,0.725343,1,1,2,18.0
2025,16,Italian Grand Prix,2025-09-07,max_verstappen,Max Verstappen,red_bull,Red Bull,1,1,0.547837,1,1,1,25.0
2025,16,Italian Grand Prix,2025-09-07,leclerc,Charles Leclerc,ferrari,Ferrari,4,4,0.417246,1,0,4,12.0
2025,16,Italian Grand Prix,2025-09-07,russell,George Russell,mercedes,Mercedes,5,6,0.202968,0,0,5,10.0
2025,16,Italian Grand Prix,2025-09-07,hamilton,Lewis Hamilton,ferrari,Ferrari,10,5,0.114099,0,0,6,8.0
2025,16,Italian Grand Prix,2025-09-07,antonelli,Andrea Kimi Antonelli,mercedes,Mercedes,6,7,0.055012,0,0,9,2.0
2025,16,Italian Grand Prix,2025-09-07,tsunoda,Yuki Tsunoda,red_bull,Red Bull,9,10,0.027510,0,0,13,0.0
2025,16,Italian Grand Prix,2025-09-07,albon,Alexander Albon,williams,Williams,14,14,0.016102,0,0,7,6.0
2025,16,Italian Grand Prix,2025-09-07,hadjar,Isack Hadjar,rb,RB F1 Team,19,16,0.014450,0,0,10,1.0
2025,16,Italian Grand Prix,2025-09-07,lawson,Liam Lawson,rb,RB F1 Team,18,20,0.013355,0,0,14,0.0
2025,16,Italian Grand Prix,2025-09-07,gasly,Pierre Gasly,alpine,Alpine F1 Team,20,19,0.013024,0,0,16,0.0
2025,16,Italian Grand Prix,2025-09-07,alonso,Fernando Alonso,aston_martin,Aston Martin,8,9,0.013004,0,0,19,0.0
2025,16,Italian Grand Prix,2025-09-07,sainz,Carlos Sainz,williams,Williams,13,13,0.012335,0,0,11,0.0
2025,16,Italian Grand Prix,2025-09-07,bortoleto,Gabriel Bortoleto,sauber,Sauber,7,8,0.012202,0,0,8,4.0
2025,16,Italian Grand Prix,2025-09-07,stroll,Lance Stroll,aston_martin,Aston Martin,16,17,0.012022,0,0,18,0.0
2025,16,Italian Grand Prix,2025-09-07,hulkenberg,Nico Hülkenberg,sauber,Sauber,12,12,0.011285,0,0,20,0.0
2025,16,Italian Grand Prix,2025-09-07,ocon,Esteban Ocon,haas,Haas F1 Team,15,15,0.011227,0,0,15,0.0
2025,16,Italian Grand Prix,2025-09-07,colapinto,Franco Colapinto,alpine,Alpine F1 Team,17,18,0.010935,0,0,17,0.0
2025,16,Italian Grand Prix,2025-09-07,bearman,Oliver Bearman,haas,Haas F1 Team,11,11,0.010738,0,0,12,0.0
2025,17,Azerbaijan Grand Prix,2025-09-21,max_verstappen,Max Verstappen,red_bull,Red Bull,1,1,0.662530,1,1,1,25.0
2025,17,Azerbaijan Grand Prix,2025-09-21,russell,George Russell,mercedes,Mercedes,5,5,0.365410,1,1,2,18.0
2025,17,Azerbaijan Grand Prix,2025-09-21,antonelli,Andrea Kimi Antonelli,mercedes,Mercedes,4,4,0.267494,0,0,4,12.0
2025,17,Azerbaijan Grand Prix,2025-09-21,norris,Lando Norris,mclaren,McLaren,7,7,0.263049,0,0,7,6.0
2025,17,Azerbaijan Grand Prix,2025-09-21,piastri,Oscar Piastri,mclaren,McLaren,9,9,0.261090,0,0,20,0.0
2025,17,Azerbaijan Grand Prix,2025-09-21,sainz,Carlos Sainz,williams,Williams,2,2,0.138237,0,1,3,15.0
2025,17,Azerbaijan Grand Prix,2025-09-21,lawson,Liam Lawson,rb,RB F1 Team,3,3,0.119377,0,0,5,10.0
2025,17,Azerbaijan Grand Prix,2025-09-21,leclerc,Charles Leclerc,ferrari,Ferrari,10,10,0.043049,0,0,9,2.0
2025,17,Azerbaijan Grand Prix,2025-09-21,tsunoda,Yuki Tsunoda,red_bull,Red Bull,6,6,0.042665,0,0,6,8.0
2025,17,Azerbaijan Grand Prix,2025-09-21,hamilton,Lewis Hamilton,ferrari,Ferrari,12,12,0.042588,0,0,8,4.0
2025,17,Azerbaijan Grand Prix,2025-09-21,albon,Alexander Albon,williams,Williams,19,19,0.017079,0,0,13,0.0
2025,17,Azerbaijan Grand Prix,2025-09-21,hadjar,Isack Hadjar,rb,RB F1 Team,8,8,0.014442,0,0,10,1.0
2025,17,Azerbaijan Grand Prix,2025-09-21,gasly,Pierre Gasly,alpine,Alpine F1 Team,18,18,0.013807,0,0,18,0.0
2025,17,Azerbaijan Grand Prix,2025-09-21,alonso,Fernando Alonso,aston_martin,Aston Martin,11,11,0.013693,0,0,15,0.0
2025,17,Azerbaijan Grand Prix,2025-09-21,stroll,Lance Stroll,aston_martin,Aston Martin,14,14,0.012573,0,0,17,0.0
2025,17,Azerbaijan Grand Prix,2025-09-21,bortoleto,Gabriel Bortoleto,sauber,Sauber,13,13,0.012141,0,0,11,0.0
2025,17,Azerbaijan Grand Prix,2025-09-21,ocon,Esteban Ocon,haas,Haas F1 Team,20,20,0.011613,0,0,14,0.0
2025,17,Azerbaijan Grand Prix,2025-09-21,hulkenberg,Nico Hülkenberg,sauber,Sauber,17,17,0.011401,0,0,16,0.0
2025,17,Azerbaijan Grand Prix,2025-09-21,colapinto,Franco Colapinto,alpine,Alpine F1 Team,16,16,0.011169,0,0,19,0.0
2025,17,Azerbaijan Grand Prix,2025-09-21,bearman,Oliver Bearman,haas,Haas F1 Team,15,15,0.010778,0,0,12,0.0
2025,18,Singapore Grand Prix,2025-10-05,max_verstappen,Max Verstappen,red_bull,Red Bull,2,2,0.734798,1,1,2,18.0
2025,18,Singapore Grand Prix,2025-10-05,piastri,Oscar Piastri,mclaren,McLaren,3,3,0.693744,1,0,4,12.0
2025,18,Singapore Grand Prix,2025-10-05,russell,George Russell,mercedes,Mercedes,1,1,0.589423,1,1,1,25.0
2025,18,Singapore Grand Prix,2025-10-05,norris,Lando Norris,mclaren,McLaren,5,5,0.442004,1,1,3,15.0
2025,18,Singapore Grand Prix,2025-10-05,antonelli,Andrea Kimi Antonelli,mercedes,Mercedes,4,4,0.396761,1,0,5,10.0
2025,18,Singapore Grand Prix,2025-10-05,hamilton,Lewis Hamilton,ferrari,Ferrari,6,6,0.062771,0,0,8,4.0
2025,18,Singapore Grand Prix,2025-10-05,leclerc,Charles Leclerc,ferrari,Ferrari,7,7,0.045924,0,0,6,8.0
2025,18,Singapore Grand Prix,2025-10-05,tsunoda,Yuki Tsunoda,red_bull,Red Bull,13,13,0.036231,0,0,12,0.0
2025,18,Singapore Grand Prix,2025-10-05,albon,Alexander Albon,williams,Williams,20,19,0.019962,0,0,14,0.0
2025,18,Singapore Grand Prix,2025-10-05,sainz,Carlos Sainz,williams,Williams,18,20,0.016271,0,0,10,1.0
2025,18,Singapore Grand Prix,2025-10-05,hadjar,Isack Hadjar,rb,RB F1 Team,8,8,0.014317,0,0,11,0.0
2025,18,Singapore Grand Prix,2025-10-05,gasly,Pierre Gasly,alpine,Alpine F1 Team,19,18,0.013437,0,0,19,0.0
2025,18,Singapore Grand Prix,2025-10-05,lawson,Liam Lawson,rb,RB F1 Team,12,12,0.013027,0,0,15,0.0
2025,18,Singapore Grand Prix,2025-10-05,ocon,Esteban Ocon,haas,Haas F1 Team,17,17,0.011334,0,0,18,0.0
2025,18,Singapore Grand Prix,2025-10-05,alonso,Fernando Alonso,aston_martin,Aston Martin,10,10,0.011179,0,0,7,6.0
2025,18,Singapore Grand Prix,2025-10-05,colapinto,Franco Colapinto,alpine,Alpine F1 Team,16,16,0.010928,0,0,16,0.0
2025,18,Singapore Grand Prix,2025-10-05,hulkenberg,Nico Hülkenberg,sauber,Sauber,11,11,0.010815,0,0,20,0.0
2025,18,Singapore Grand Prix,2025-10-05,bearman,Oliver Bearman,haas,Haas F1 Team,9,9,0.010672,0,0,9,2.0
2025,18,Singapore Grand Prix,2025-10-05,stroll,Lance Stroll,aston_martin,Aston Martin,15,15,0.010537,0,0,13,0.0
2025,18,Singapore Grand Prix,2025-10-05,bortoleto,Gabriel Bortoleto,sauber,Sauber,14,14,0.010532,0,0,17,0.0
2025,19,United States Grand Prix,2025-10-19,max_verstappen,Max Verstappen,red_bull,Red Bull,1,1,0.734597,1,1,1,25.0
2025,19,United States Grand Prix,2025-10-19,norris,Lando Norris,mclaren,McLaren,2,2,0.692316,1,1,2,18.0
2025,19,United States Grand Prix,2025-10-19,russell,George Russell,mercedes,Mercedes,4,4,0.651068,1,0,6,8.0
2025,19,United States Grand Prix,2025-10-19,leclerc,Charles Leclerc,ferrari,Ferrari,3,3,0.480706,1,1,3,15.0
2025,19,United States Grand Prix,2025-10-19,piastri,Oscar Piastri,mclaren,McLaren,6,6,0.275344,0,0,5,10.0
2025,19,United States Grand Prix,2025-10-19,hamilton,Lewis Hamilton,ferrari,Ferrari,5,5,0.260349,0,0,4,12.0
2025,19,United States Grand Prix,2025-10-19,antonelli,Andrea Kimi Antonelli,mercedes,Mercedes,7,7,0.151771,0,0,13,0.0
2025,19,United States Grand Prix,2025-10-19,tsunoda,Yuki Tsunoda,red_bull,Red Bull,13,13,0.036710,0,0,7,6.0
2025,19,United States Grand Prix,2025-10-19,albon,Alexander Albon,williams,Williams,18,19,0.018771,0,0,14,0.0
2025,19,United States Grand Prix,2025-10-19,sainz,Carlos Sainz,williams,Williams,9,9,0.015552,0,0,20,0.0
2025,19,United States Grand Prix,2025-10-19,gasly,Pierre Gasly,alpine,Alpine F1 Team,14,14,0.014241,0,0,19,0.0
2025,19,United States Grand Prix,2025-10-19,hadjar,Isack Hadjar,rb,RB F1 Team,20,20,0.011839,0,0,16,0.0
2025,19,United States Grand Prix,2025-10-19,alonso,Fernando Alonso,aston_martin,Aston Martin,10,10,0.011606,0,0,10,1.0
2025,19,United States Grand Prix,2025-10-19,lawson,Liam Lawson,rb,RB F1 Team,12,12,0.011590,0,0,11,0.0
2025,19,United States Grand Prix,2025-10-19,colapinto,Franco Colapinto,alpine,Alpine F1 Team,15,15,0.011287,0,0,17,0.0
2025,19,United States Grand Prix,2025-10-19,bearman,Oliver Bearman,haas,Haas F1 Team,8,8,0.011257,0,0,9,2.0
2025,19,United States Grand Prix,2025-10-19,ocon,Esteban Ocon,haas,Haas F1 Team,17,17,0.011251,0,0,15,0.0
2025,19,United States Grand Prix,2025-10-19,hulkenberg,Nico Hülkenberg,sauber,Sauber,11,11,0.010965,0,0,8,4.0
2025,19,United States Grand Prix,2025-10-19,stroll,Lance Stroll,aston_martin,Aston Martin,19,18,0.010509,0,0,12,0.0
2025,19,United States Grand Prix,2025-10-19,bortoleto,Gabriel Bortoleto,sauber,Sauber,16,16,0.010448,0,0,18,0.0
2025,20,Mexico City Grand Prix,2025-10-26,norris,Lando Norris,mclaren,McLaren,1,1,0.711764,1,1,1,25.0
2025,20,Mexico City Grand Prix,2025-10-26,russell,George Russell,mercedes,Mercedes,4,4,0.659241,1,0,7,6.0
2025,20,Mexico City Grand Prix,2025-10-26,max_verstappen,Max Verstappen,red_bull,Red Bull,5,5,0.656149,1,1,3,15.0
2025,20,Mexico City Grand Prix,2025-10-26,leclerc,Charles Leclerc,ferrari,Ferrari,2,2,0.512557,1,1,2,18.0
2025,20,Mexico City Grand Prix,2025-10-26,hamilton,Lewis Hamilton,ferrari,Ferrari,3,3,0.430830,1,0,8,4.0
2025,20,Mexico City Grand Prix,2025-10-26,antonelli,Andrea Kimi Antonelli,mercedes,Mercedes,6,6,0.168347,0,0,6,8.0
2025,20,Mexico City Grand Prix,2025-10-26,piastri,Oscar Piastri,mclaren,McLaren,7,8,0.148852,0,0,5,10.0
2025,20,Mexico City Grand Prix,2025-10-26,tsunoda,Yuki Tsunoda,red_bull,Red Bull,10,11,0.041876,0,0,11,0.0
2025,20,Mexico City Grand Prix,2025-10-26,albon,Alexander Albon,williams,Williams,17,17,0.017964,0,0,12,0.0
2025,20,Mexico City Grand Prix,2025-10-26,sainz,Carlos Sainz,williams,Williams,12,7,0.016119,0,0,17,0.0
2025,20,Mexico City Grand Prix,2025-10-26,gasly,Pierre Gasly,alpine,Alpine F1 Team,18,18,0.013427,0,0,15,0.0
2025,20,Mexico City Grand Prix,2025-10-26,hadjar,Isack Hadjar,rb,RB F1 Team,8,9,0.011528,0,0,13,0.0
2025,20,Mexico City Grand Prix,2025-10-26,lawson,Liam Lawson,rb,RB F1 Team,15,15,0.011336,0,0,20,0.0
2025,20,Mexico City Grand Prix,2025-10-26,ocon,Esteban Ocon,haas,Haas F1 Team,11,12,0.011315,0,0,9,2.0
2025,20,Mexico City Grand Prix,2025-10-26,alonso,Fernando Alonso,aston_martin,Aston Martin,14,14,0.011294,0,0,18,0.0
2025,20,Mexico City Grand Prix,2025-10-26,colapinto,Franco Colapinto,alpine,Alpine F1 Team,20,20,0.011188,0,0,16,0.0
2025,20,Mexico City Grand Prix,2025-10-26,hulkenberg,Nico Hülkenberg,sauber,Sauber,13,13,0.010876,0,0,19,0.0
2025,20,Mexico City Grand Prix,2025-10-26,stroll,Lance Stroll,aston_martin,Aston Martin,19,19,0.010722,0,0,14,0.0
2025,20,Mexico City Grand Prix,2025-10-26,bearman,Oliver Bearman,haas,Haas F1 Team,9,10,0.010613,0,0,4,12.0
2025,20,Mexico City Grand Prix,2025-10-26,bortoleto,Gabriel Bortoleto,sauber,Sauber,16,16,0.010549,0,0,10,1.0
2025,21,São Paulo Grand Prix,2025-11-09,norris,Lando Norris,mclaren,McLaren,1,1,0.717266,1,1,1,25.0
2025,21,São Paulo Grand Prix,2025-11-09,leclerc,Charles Leclerc,ferrari,Ferrari,3,3,0.617209,1,0,19,0.0
2025,21,São Paulo Grand Prix,2025-11-09,piastri,Oscar Piastri,mclaren,McLaren,4,4,0.548106,1,0,5,10.0
2025,21,São Paulo Grand Prix,2025-11-09,antonelli,Andrea Kimi Antonelli,mercedes,Mercedes,2,2,0.399575,1,1,2,18.0
2025,21,São Paulo Grand Prix,2025-11-09,max_verstappen,Max Verstappen,red_bull,Red Bull,19,16,0.360937,1,1,3,15.0
2025,21,São Paulo Grand Prix,2025-11-09,russell,George Russell,mercedes,Mercedes,6,6,0.198509,0,0,4,12.0
2025,21,São Paulo Grand Prix,2025-11-09,hamilton,Lewis Hamilton,ferrari,Ferrari,13,13,0.089630,0,0,18,0.0
2025,21,São Paulo Grand Prix,2025-11-09,bortoleto,Gabriel Bortoleto,sauber,Sauber,18,,0.041121,0,0,20,0.0
2025,21,São Paulo Grand Prix,2025-11-09,tsunoda,Yuki Tsunoda,red_bull,Red Bull,17,19,0.039817,0,0,17,0.0
2025,21,São Paulo Grand Prix,2025-11-09,hadjar,Isack Hadjar,rb,RB F1 Team,5,5,0.036481,0,0,8,4.0
2025,21,São Paulo Grand Prix,2025-11-09,albon,Alexander Albon,williams,Williams,12,12,0.021000,0,0,11,0.0
2025,21,São Paulo Grand Prix,2025-11-09,gasly,Pierre Gasly,alpine,Alpine F1 Team,9,9,0.020202,0,0,10,1.0
2025,21,São Paulo Grand Prix,2025-11-09,sainz,Carlos Sainz,williams,Williams,15,15,0.015849,0,0,13,0.0
2025,21,São Paulo Grand Prix,2025-11-09,bearman,Oliver Bearman,haas,Haas F1 Team,8,8,0.015568,0,0,6,8.0
2025,21,São Paulo Grand Prix,2025-11-09,lawson,Liam Lawson,rb,RB F1 Team,7,7,0.014450,0,0,7,6.0
2025,21,São Paulo Grand Prix,2025-11-09,alonso,Fernando Alonso,aston_martin,Aston Martin,11,11,0.014205,0,0,14,0.0
2025,21,São Paulo Grand Prix,2025-11-09,colapinto,Franco Colapinto,alpine,Alpine F1 Team,16,18,0.014059,0,0,15,0.0
2025,21,São Paulo Grand Prix,2025-11-09,hulkenberg,Nico Hülkenberg,sauber,Sauber,10,10,0.014009,0,0,9,2.0
2025,21,São Paulo Grand Prix,2025-11-09,ocon,Esteban Ocon,haas,Haas F1 Team,20,17,0.013822,0,0,12,0.0
2025,21,São Paulo Grand Prix,2025-11-09,stroll,Lance Stroll,aston_martin,Aston Martin,14,14,0.012747,0,0,16,0.0
2025,22,Las Vegas Grand Prix,2025-11-23,norris,Lando Norris,mclaren,McLaren,1,1,0.753269,1,0,19,0.0
2025,22,Las Vegas Grand Prix,2025-11-23,max_verstappen,Max Verstappen,red_bull,Red Bull,2,2,0.746157,1,1,1,25.0
2025,22,Las Vegas Grand Prix,2025-11-23,russell,George Russell,mercedes,Mercedes,4,4,0.507508,1,1,2,18.0
2025,22,Las Vegas Grand Prix,2025-11-23,piastri,Oscar Piastri,mclaren,McLaren,5,5,0.460250,1,0,20,0.0
2025,22,Las Vegas Grand Prix,2025-11-23,sainz,Carlos Sainz,williams,Williams,3,3,0.099068,0,0,5,10.0
2025,22,Las Vegas Grand Prix,2025-11-23,leclerc,Charles Leclerc,ferrari,Ferrari,9,9,0.091352,0,0,4,12.0
2025,22,Las Vegas Grand Prix,2025-11-23,hamilton,Lewis Hamilton,ferrari,Ferrari,19,20,0.075343,0,0,8,4.0
2025,22,Las Vegas Grand Prix,2025-11-23,antonelli,Andrea Kimi Antonelli,mercedes,Mercedes,17,17,0.064986,0,1,3,15.0
2025,22,Las Vegas Grand Prix,2025-11-23,tsunoda,Yuki Tsunoda,red_bull,Red Bull,20,19,0.038420,0,0,12,0.0
2025,22,Las Vegas Grand Prix,2025-11-23,albon,Alexander Albon,williams,Williams,16,16,0.018897,0,0,16,0.0
2025,22,Las Vegas Grand Prix,2025-11-23,bearman,Oliver Bearman,haas,Haas F1 Team,14,14,0.015121,0,0,10,1.0
2025,22,Las Vegas Grand Prix,2025-11-23,gasly,Pierre Gasly,alpine,Alpine F1 Team,10,10,0.014867,0,0,13,0.0
2025,22,Las Vegas Grand Prix,2025-11-23,hadjar,Isack Hadjar,rb,RB F1 Team,8,8,0.013827,0,0,6,8.0
2025,22,Las Vegas Grand Prix,2025-11-23,lawson,Liam Lawson,rb,RB F1 Team,6,6,0.013751,0,0,14,0.0
2025,22,Las Vegas Grand Prix,2025-11-23,ocon,Esteban Ocon,haas,Haas F1 Team,13,13,0.012979,0,0,9,2.0
2025,22,Las Vegas Grand Prix,2025-11-23,alonso,Fernando Alonso,aston_martin,Aston Martin,7,7,0.012863,0,0,11,0.0
2025,22,Las Vegas Grand Prix,2025-11-23,hulkenberg,Nico Hülkenberg,sauber,Sauber,11,11,0.012769,0,0,7,6.0
2025,22,Las Vegas Grand Prix,2025-11-23,stroll,Lance Stroll,aston_martin,Aston Martin,12,12,0.011011,0,0,18,0.0
2025,22,Las Vegas Grand Prix,2025-11-23,colapinto,Franco Colapinto,alpine,Alpine F1 Team,15,15,0.010952,0,0,15,0.0
2025,22,Las Vegas Grand Prix,2025-11-23,bortoleto,Gabriel Bortoleto,sauber,Sauber,18,18,0.010820,0,0,17,0.0
2025,23,Qatar Grand Prix,2025-11-30,max_verstappen,Max Verstappen,red_bull,Red Bull,3,3,0.723598,1,1,1,25.0
2025,23,Qatar Grand Prix,2025-11-30,norris,Lando Norris,mclaren,McLaren,2,2,0.721330,1,0,4,12.0
2025,23,Qatar Grand Prix,2025-11-30,piastri,Oscar Piastri,mclaren,McLaren,1,1,0.663166,1,1,2,18.0
2025,23,Qatar Grand Prix,2025-11-30,russell,George Russell,mercedes,Mercedes,4,4,0.608668,1,0,6,8.0
2025,23,Qatar Grand Prix,2025-11-30,antonelli,Andrea Kimi Antonelli,mercedes,Mercedes,5,5,0.447494,1,0,5,10.0
2025,23,Qatar Grand Prix,2025-11-30,leclerc,Charles Leclerc,ferrari,Ferrari,10,10,0.060013,0,0,8,4.0
2025,23,Qatar Grand Prix,2025-11-30,hamilton,Lewis Hamilton,ferrari,Ferrari,17,18,0.051329,0,0,12,0.0
2025,23,Qatar Grand Prix,2025-11-30,tsunoda,Yuki Tsunoda,red_bull,Red Bull,15,16,0.035091,0,0,10,1.0
2025,23,Qatar Grand Prix,2025-11-30,albon,Alexander Albon,williams,Williams,14,15,0.018638,0,0,11,0.0
2025,23,Qatar Grand Prix,2025-11-30,hadjar,Isack Hadjar,rb,RB F1 Team,6,6,0.016549,0,0,18,0.0
2025,23,Qatar Grand Prix,2025-11-30,sainz,Carlos Sainz,williams,Williams,7,7,0.015916,0,1,3,15.0
2025,23,Qatar Grand Prix,2025-11-30,gasly,Pierre Gasly,alpine,Alpine F1 Team,9,9,0.014442,0,0,16,0.0
2025,23,Qatar Grand Prix,2025-11-30,bearman,Oliver Bearman,haas,Haas F1 Team,13,13,0.012766,0,0,19,0.0
2025,23,Qatar Grand Prix,2025-11-30,hulkenberg,Nico Hülkenberg,sauber,Sauber,11,11,0.012277,0,0,20,0.0
2025,23,Qatar Grand Prix,2025-11-30,ocon,Esteban Ocon,haas,Haas F1 Team,16,17,0.012134,0,0,15,0.0
2025,23,Qatar Grand Prix,2025-11-30,alonso,Fernando Alonso,aston_martin,Aston Martin,8,8,0.012049,0,0,7,6.0
2025,23,Qatar Grand Prix,2025-11-30,lawson,Liam Lawson,rb,RB F1 Team,12,12,0.011505,0,0,9,2.0
2025,23,Qatar Grand Prix,2025-11-30,colapinto,Franco Colapinto,alpine,Alpine F1 Team,20,20,0.011261,0,0,14,0.0
2025,23,Qatar Grand Prix,2025-11-30,bortoleto,Gabriel Bortoleto,sauber,Sauber,19,14,0.010736,0,0,13,0.0
2025,23,Qatar Grand Prix,2025-11-30,stroll,Lance Stroll,aston_martin,Aston Martin,18,19,0.010621,0,0,17,0.0
2025,24,Abu Dhabi Grand Prix,2025-12-07,max_verstappen,Max Verstappen,red_bull,Red Bull,1,1,0.796939,1,1,1,25.0
2025,24,Abu Dhabi Grand Prix,2025-12-07,norris,Lando Norris,mclaren,McLaren,2,2,0.713232,1,1,3,15.0
2025,24,Abu Dhabi Grand Prix,2025-12-07,piastri,Oscar Piastri,mclaren,McLaren,3,3,0.680204,1,1,2,18.0
2025,24,Abu Dhabi Grand Prix,2025-12-07,russell,George Russell,mercedes,Mercedes,4,4,0.611621,1,0,5,10.0
2025,24,Abu Dhabi Grand Prix,2025-12-07,leclerc,Charles Leclerc,ferrari,Ferrari,5,5,0.187994,0,0,4,12.0
2025,24,Abu Dhabi Grand Prix,2025-12-07,antonelli,Andrea Kimi Antonelli,mercedes,Mercedes,14,14,0.165058,0,0,15,0.0
2025,24,Abu Dhabi Grand Prix,2025-12-07,hamilton,Lewis Hamilton,ferrari,Ferrari,16,16,0.039014,0,0,8,4.0
2025,24,Abu Dhabi Grand Prix,2025-12-07,tsunoda,Yuki Tsunoda,red_bull,Red Bull,10,10,0.033468,0,0,14,0.0
2025,24,Abu Dhabi Grand Prix,2025-12-07,albon,Alexander Albon,williams,Williams,17,17,0.021696,0,0,16,0.0
2025,24,Abu Dhabi Grand Prix,2025-12-07,sainz,Carlos Sainz,williams,Williams,12,12,0.019699,0,0,13,0.0
2025,24,Abu Dhabi Grand Prix,2025-12-07,gasly,Pierre Gasly,alpine,Alpine F1 Team,19,19,0.015112,0,0,19,0.0
2025,24,Abu Dhabi Grand Prix,2025-12-07,alonso,Fernando Alonso,aston_martin,Aston Martin,6,6,0.014511,0,0,6,8.0
2025,24,Abu Dhabi Grand Prix,2025-12-07,hadjar,Isack Hadjar,rb,RB F1 Team,9,9,0.013197,0,0,17,0.0
2025,24,Abu Dhabi Grand Prix,2025-12-07,ocon,Esteban Ocon,haas,Haas F1 Team,8,8,0.012698,0,0,7,6.0
2025,24,Abu Dhabi Grand Prix,2025-12-07,hulkenberg,Nico Hülkenberg,sauber,Sauber,18,18,0.011982,0,0,9,2.0
2025,24,Abu Dhabi Grand Prix,2025-12-07,bortoleto,Gabriel Bortoleto,sauber,Sauber,7,7,0.011796,0,0,11,0.0
2025,24,Abu Dhabi Grand Prix,2025-12-07,lawson,Liam Lawson,rb,RB F1 Team,13,13,0.011526,0,0,18,0.0
2025,24,Abu Dhabi Grand Prix,2025-12-07,colapinto,Franco Colapinto,alpine,Alpine F1 Team,20,20,0.011476,0,0,20,0.0
2025,24,Abu Dhabi Grand Prix,2025-12-07,bearman,Oliver Bearman,haas,Haas F1 Team,11,11,0.011189,0,0,12,0.0
2025,24,Abu Dhabi Grand Prix,2025-12-07,stroll,Lance Stroll,aston_martin,Aston Martin,15,15,0.010760,0,0,10,1.0
